Product Type,Recently Updated Record,Last Modified Date,Event ID,Status,Recalling Firm,Address1,Address2,City,State/Province,Postal Code,Country,Voluntary/Mandated,Initial Firm Notification of Consignee or Public,Distribution Pattern,Recall Number,Classification,Product Description,Product Quantity,Reason for Recall,Recall Initiation Date,Center Classification Date,Termination Date,Report Date,Code Info
"Devices","No","","82178","Ongoing","O-Two Medical Technologies, Inc.","45A Armthorpe Road","","Brampton","Ontario","	L6T 5M4","Canada","Voluntary: Firm initiated","Letter","The products were distributed to the following US states:  AZ, CA, CO, FL, OH, PA, TX, and VA.","Z-0976-2019","Class I","e500 Automatic Transport Ventilator,  Model Number 01EVE500","136","There is a potential for the unit to catch fire due to one of the screen retaining screws being incorrectly inserted. Due to this improper screw insertion the screw sat higher than normal allowing it to contact the underside of the main board causing the screw to rub against the bottom side of the board, wearing away the insulation layer and creating a short circuit.","02/12/2019","04/04/2019","","04/10/2019","EV50001 to EV50148"
"Devices","No","","82178","Ongoing","O-Two Medical Technologies, Inc.","45A Armthorpe Road","","Brampton","Ontario","	L6T 5M4","Canada","Voluntary: Firm initiated","Letter","The products were distributed to the following US states:  AZ, CA, CO, FL, OH, PA, TX, and VA.","Z-0977-2019","Class I","e600 Automatic Transport Ventilator,  Model Number 01EVE600","119","There is a potential for the unit to catch fire due to one of the screen retaining screws being incorrectly inserted. Due to this improper screw insertion the screw sat higher than normal allowing it to contact the underside of the main board causing the screw to rub against the bottom side of the board, wearing away the insulation layer and creating a short circuit.","02/12/2019","04/04/2019","","04/10/2019","EV60001 to EV60126"
"Devices","No","","82178","Ongoing","O-Two Medical Technologies, Inc.","45A Armthorpe Road","","Brampton","Ontario","	L6T 5M4","Canada","Voluntary: Firm initiated","Letter","The products were distributed to the following US states:  AZ, CA, CO, FL, OH, PA, TX, and VA.","Z-0978-2019","Class I","e700 Automatic Transport Ventilator,  Model Number 01EVE700","632","There is a potential for the unit to catch fire due to one of the screen retaining screws being incorrectly inserted. Due to this improper screw insertion the screw sat higher than normal allowing it to contact the underside of the main board causing the screw to rub against the bottom side of the board, wearing away the insulation layer and creating a short circuit.","02/12/2019","04/04/2019","","04/10/2019","EV70001 to EV70658"
"Veterinary","No","05/02/2019","82190","Ongoing","Jurox Pty Ltd","85 Gardiner St","","Rutherford","","	","Australia","Voluntary: Firm initiated","Letter","CA, CO, IA, MO, OH, PA, TN, WI","V-0130-2019","Class I","Alfaxan (alfaxalone 10 mg/mL), 10 mL per glass vial, Rx Only, Distributed by:  Jurox Inc., 4520 Main Street, Kansas City, MO 64111.  NDC: 49480-001-01","57,100 vials","Out of specification result for clarity observed in the stability program.","01/08/2019","05/02/2019","","04/10/2019","Lots: 25955 (exp August 2019), 27877 (exp March 2020)"
"Veterinary","No","05/02/2019","82268","Terminated","Arrow Reliance Inc dba Darwin's Natural Pet Products","350 Treck Dr","","Tukwila","WA","	98188-7604","United States","Voluntary: Firm initiated","E-Mail","Unknown","V-0128-2019","Class I","Natural Selections Chicken and Vegetable Meals for Dogs, frozen, raw dog meals, packaged in 2 lbs. thermo-formed sealed plastic package, divided into 8 oz. portions.","2,337 units (Lot # 5309) and 6,662 units (Lot # 5375)","Natural Selections Chicken and Vegetable Meals for Dogs are recalled due to a potential contamination with Salmonella.","02/07/2019","05/02/2019","09/30/2019","04/10/2019","Lot # 5309, manufactured on 10/19/18 (listed as 5309(11)181019 on label).    Lot # 5375, manufactured on 11/6/18 (listed as 5375(11)181106 on label)."
"Veterinary","No","05/02/2019","82268","Terminated","Arrow Reliance Inc dba Darwin's Natural Pet Products","350 Treck Dr","","Tukwila","WA","	98188-7604","United States","Voluntary: Firm initiated","E-Mail","Unknown","V-0129-2019","Class I","Natural Selections Turkey and Vegetable Meals for Dogs, frozen, raw dog meals, packaged in 2 lbs. thermo-formed sealed plastic package, divided into 8 oz. portions.","2,740 units","Natural Selections Turkey and Vegetable Meals for Dogs are recalled due to a potential contamination with Salmonella.","02/07/2019","05/02/2019","09/30/2019","04/10/2019","Lot # 5339, manufactured on 10/26/18 (listed as 5339(11)181026 on label)."
"Food","No","","82318","Terminated","Procesadora Aguas Claras LTDA.","Camino Caicaen S/N","","Calbuco","","	","Chile","Voluntary: Firm initiated","Telephone","AL, AZ, CA, FL, GA, WA WY","F-1211-2019","Class I","Premium Sustainable Atlantic Salmon (Farm Raised);  22 lb. case - Master carton - corrugated cardboard box. Internal Packaging: IQF vacuum packed with tray.  Origin: Chili  Packed for Osamu Corporation, Carson, CA  For   institutional use only","157 cases","Direct customer tested Premium Sustainable Atlantic Salmon (Farm Raised) from Chile and had a positive result for Listeria monocytogenes.  ","03/04/2019","03/29/2019","07/12/2019","04/10/2019","581213, Expiration 11-06-2020"
"Drugs","No","","82362","Ongoing","Pfizer Inc.","235 E 42nd St","","New York","NY","	10017-5703","United States","Voluntary: Firm initiated","Press Release","United States and Puerto Rico","D-1073-2019","Class I","8.4% Sodium Bicarbonate Injection, USP 50 mEq (1 mEq/mL) 4.2 grams (84 mg/mL) 50 mL Single-dose fliptop vial, 25 vials per carton, Rx only Hospira, Inc. Lake Forest, IL 60045 USA ---- NDC 0409-6625-02","283,400 vials","Presence of Particulate Matter; glass particulates","03/15/2019","03/29/2019","","04/10/2019","Lots: 79-238-EV Exp. 1 July 2019; 79-240-EV Exp. 1 July 2019; 80-088-EV Exp. 1 August 2019"
"Food","No","","82467","Ongoing","Allen's Blueberry Freezer, Inc.","244 Main St","","Ellsworth","ME","	04605-1698","United States","Voluntary: Firm initiated","E-Mail","WA","F-1233-2019","Class I","Wild Sweet ALLEN'S BLUEBERRIES WILD BLUEBERRIES IQF 30 LBS. NET 13.6 Kg. Packaged in a corrugated carton. Keep frozen at zero degrees F or below.","37,800 pounds","Product tested positive for E.coli O157:H7  STEC.","03/21/2019","04/03/2019","","04/10/2019","RP21235 2/26119, RP21236 3/1119, RP21237 3/14/19  50 RL 1-23"
"Devices","No","","82079","Ongoing","Beckman Coulter Inc.","250 S Kraemer Blvd","","Brea","CA","	92821-6232","United States","Voluntary: Firm initiated","Letter","US: NJ, OH, NY, GA, FL, TN, WI, MI, MS, CA, NC, TX, PA, DC, IN, KY, IL, WA, MN, LA, ND, ID, WV, AK, AL, MA.    OUS: Argentina, Australia, Bahrain, Canada, China, Croatia, Czech Republic, Egypt, Germany, Greece, India, Italy, Malaysia, Morocco, Netherlands, Nigeria, Poland, Portugal, Qatar, Saudi Arabia, Singapore, South Africa, Spain, Switzerland, Thailand, Tunisia, United Kingdom, United States, Vietnam","Z-1077-2019","Class II","The UniCel DxI 600 and 800 Access Immunoassay Systems, that are connected to an automation line.     UniCel DxI 600 Catalog Numbers: A30260, A71460, A71461, A92060.    Unicel DxI 800 Catalog Numbers: 973100, A71456, A71457, A84545, A25288, A25285.","2842","When racks are front-loaded onto the sample presentation unit while samples from the automation line are being processed, a scheduling error within the software can cause mishandling of samples during the creation of an aliquot and lead to incorrect results being generated. Affected samples typically yield non-reproducible falsely decreased results by up to 100%, however the potential for falsely elevated results cannot be ruled out.","12/05/2018","03/30/2019","","04/10/2019","Systems running software versions: 5.2, 5.3.0, 5.3.1.  Serial #:  605042  605047  605048  605050  606363  606439  901612  901626  605300  605301  605516  900777  605636  606566  606567  606383  606744  606745  605996  606161  606169  606231  606500  606565  606155  606156  606302  606740  606743  604566  604622  604624  604627  604713  606646  606746  604912  604951  606128  606386  606324  605932  606755  603377  604309  605909  604410  605372  604178  604426  604796  604744  602700  603298  603660  603797  603897  605762  604608  606411  604345  602472  603059  603513  603837  601829  602930  603217  604703  605201  605216  606557  604207  604929  605768  605769  605978  602139  606572  602417  601931  606104  602469  604115  604947  604682  604733  601919  602088  606201  601852  604699  605302  603647  606090  602077  602601  605449  603250  605199  605736  604827  603609  605492  604628  602084  602310  605211  605633  606763  606770  602074  604307  606257  604046  602063  603338  603481  604940  605179  602091  604080  606467  604698  602422  605812  604150  603255  605653  605923  603268  605894  601988  605172  602487  605212  605735  603231  603531  604457  602259  606089  602772  606455  604602  604730  604743  605133  603953  602489  605346  605076  604927  605712  604741  604739  605683  604767  604130  602618  602657  606210  604471  606353  603358  603368  604482  603811  603603  603226  602866  603390  602878  602833  605931  601881  606592  603955  602462  602522  606237  600742  602147  602058  603991  604768  605141  605893  605454  603893  603253  603346  603996  602359  602671  602856  603382  603427  603442  604653  602435  604725  604141  604842  601697  602915  603375  604953  605376  603239  603980  605504  605569  606129  602810  602477  605389  603022  604580  604025  601707  601926  602357  602389  602400  603139  603288  603533  602863  605355  605359  605539  602433  606018  606177  606238  606402  606585  606589  606602  606651  606712  606714  606715  606716  606717  606718  606725  606898  606903  605597  604934  604065  603964  603223  603233  605376  603199  604220  606704  603121  603661  604000  603780  603783  601096  604311  606190  603784  604604  606463  606722  604829  605037  605688  602140  603025  603950  605339  605861  604350  603890  603895  605914  603076  605295  603068  605718  603528  602545  602327  606087  602168  605498  603532  602718  602859  605178  605877  602198  605207  605639  606327  603370  606559  603519  602397  605757  603485  605877  605879  604771  603081  604447  606325  604613  604931  603912  604225  602173  602969  605137  605029  605282  603786  605668  606704  606818  606876  606129  606504  606555  606726  606727  604248  604756  606240  605344  604817  606158  603460  602305  605197  606091  605576  604414  604043  606672  606035  606279  602846  606040  603342  603234  605979  602552  603561  603563  603070  606374  603518  602105  603530  602933  603971  602183  604973  605936  603658  604742  602644  606401  604541  603079  602955  606123  606625  602985  602934  606199  603506  604679  604748  603334  603674  604455  606073  603806  602149  606260  603607  603608  604612  605396  606904  604500  604581  605433  606901  602285  605644  605658  604899  604487  602888  605009  605621  604643  605095  602758  604676  604595  603549  602321  604978  606407  606709  603565  606361  606773  606776  606552  606554  606555  606562  606568  606570  606571  606573  602145  606025  606203  606205  606649  603191  602426  602903  603072  603283  604887  602838  602983  603020  604567  605665  606157  605659  602029  602543  605453  605544  602046  605190  604894  602846  604368  604373  605369  601793  602668  604027  604955  605198  605458  602381  605542  602430  606458  602332  602843  606213  606214  603731  603452  605686  603795  605185  604737  602904  604029  604036  605451  601713  604736  603854  605895  602705  604387  604443  603141  603064  601596   601886  605661  604214  602643  605455  604880  602261  604690  604869  602986  606896  606902  602707  605631  606229  602699  602024  603986  606830  606833  606183  601837  603156  605905  606173  603286  602152  604865  606590  604870  604537  601759  603744  605377  602932  605489  605791  605918  603679  602261  602411  605176  605715  606079  606329  602749  605324  604556  603455  605332  606382  603269  603321  603502  602808  605558  601976  601781  601934  602543  605820  603804  604640  603098  604707  604929  604950  605737  603814  601825  605250  605379  661824  605729  604731  605758  603360  603169  605946  603296  603978  605263  602736  603918  602280  604089  604828  605365  605518  603339  606309  606560  606561  606751  606753  604550  604059  604629  602338  602811  602344  603809  602954  602652  606070  602733  606510  604146  605284  605007  603857  602821  605134  606650  603232  604588  604634  605481  603175  605442  603773  603656  601245  602756  603969  604958  603149  602030  604183  604174  602265  606608  606627  606695  606700  606701  606704  606375  606377  604547  602748  603165  601762  605953  602083  600873  601473  606077  603591  603344  603474  605568  605903  604319  601840  605407  602886  606640  605708  605338  606551  602647  603035  606162  602209  602910  602191  604205  601907  604208  605469  602709  604424  606742  606880  603436  605214  605915  603743  604787  604567  605774  602225  604784  606057  603369  602588  605342  602161  604289  603622  602853  602159  602482  604683  605406  605860  605354  602828  606644  606459  603194  605588  602761  605571  606114  606116  603192  604763  604975  604978  605897  602950  603320  605404  603664  604505  602479  604593  606242  603536  603769  604361  604549  606723  606877  606879  603274  605720  602719  605562  606574  603789  606149  606106  605901  601418  606215  606812  606813  606752  606375  606461  606580  606742  606384  606390  606624  606630  606632  606809  606819  606820  606825  606827  606830  606831  606870  606871  606166  606167  606469  606605  606606  606609  604563  603796  603538  604952  604958  602944  604044  604458  606451  602922  606767  605497  602087  605225  605316  603281  602509  606156  604770  605713  604195  603507  604519  603748  604960  605142  603633  604318  603285  602285  603051  602283  606556  605278  606711  605679  605687  602306  605096  604267  604268  603733  602890  606181  602900  603395  605907  602528  604757  603392  605326  602880  604837  604878  606184  605143  605380  603058  604497  602661  604891  602090  605225  605662  603669  603333  606457  604885  603223  603922  602914  603316  604640  606159  603618  604125  603249  604167  603995  604910  605335  605059  606754  604320  605899  605600  604032  604149  604161  602198  604337  606067  603272  606014  603670  603351  602732  603350  604342  602813  606071  603341  603349  604128  604328  601259  605172  606575  605184  602067  601607  604621  601784  603902  605563  606033  606517  605555  605583  606884  603133  604678  606246  606221  604855  605271  603494  603011  606693  604974  602197  605195  605336  602815  604839  605898  603143  605146  602639  603778  604583  603583  603367  601934  603672  602808  603933  605783  605003  605698  602751  602666  603181  605296  604355  603037  605257  605264  605304  603613  603068  606440  605121  603035  604425  604657  605362  604896  606247  604687  605873  603038  603785  603791  603993  602828  606511  606668  606671  606684  606452  602118  605127  605402  603510  604557  605929  606360  606547  602309  603326  603211  605710  604293  603836  604006  603891  602414  605466  602055  605160  605434  603312  603313  603145  602832  605306  602835  606188  603083  603568  603075  604154  602413  605826  605870  602690  604037  605727  602916  604012  602399  603154  605927  604561  605292  606171  605409  605570  605872  603330  604292  604316  604334  605965   604718  604723  603760  605705  605109  605192  605200  605206  605215  605382  603162  603841  606148  604249  606354  606629  603065  605402  606832  601945  605448  604123  606451  600335  601836  601844  604114  604998  605001  605002  606432  606434  605349  605351  605391  602239  606009  604370  601256  603999  603567  606205  605328  602551  606311  603056  605771  604304  605814  606385  606523  606823  604180  605738  604847  606813  606814  606817  603512  605189  606520  606723  602383  605921  604347  603450  606675  604824  603976  603942  603947  604244  604245  602138  603543  605578  605579  604016  603380  603293  605614  602645  602865  604251  602342  605039  605208  604175  605541  604446  602600  603690  603096  604136  604144  606641  603803  605651  603625  605245  605457  604040  604330  606600  604346  604145  603221  604913  603919  602617  605210  605998  605385  605656  605805  601962  604013  605154  605857  604343  604926  603315  602743  604984  605075  604542  604139  604691  601721  603555  601944  603906  601464  603322  602850  605770  604731  605780  606037  606228  604548  602606  603337  605370  606280  606647  603616  602716  605296  603066  602439  604646  603522  604001  604794  603876  604331  605719  603629  603630  606689  605760  605980  602659  604141  604284  606719  604086  605170  602820  605400  606534  606536  604646  604019  604055  604958  606809  606810  603554  603871  602155  604068  604093  604459  604618  602659  604617  604637  602301  604643  605204  605505  603343  604863  604164  602654  605136  606174  602500  603631  605324  606601  605181  604092  602501  605332  604341  603308  605806  602503  602171  604607  602403  606209  605724  605635  604573  605499  602819  604560  603242  605412  603376  605714  604708  603306  605882  605287  605303  603454  602299  603101  604938  602964  601853  603799  606507  602724  602848  603666  602397  603424  605664  604024  603683  602813  605884  603668  605101  602898  604571  602968  604523  604227  604614  604935  602432  605761  605169  605164  604924  604299  604323  606314  606312  606126  602901  606094  606523  606654  605298  602655  605886  602838  605817  605818  605024  605568  605880  605904  604774  602427  604711  604014  603208  604911  605150  602674  605988  605990  603246  605463  604565  604587  603558  605277  603956  603062  605245  606084  605129  603575  603487  606196  605535  605072  603099  605927  605959  603839  603836  603945  606052  604822  604823  605739  606505  603030  603943  602596  604457  605223  605552  602613  605910  603426  602551  606152  604901  605286  605297  602670  602829  605254  603621  604513  605945  603209  602948  605995  602928  602634  605180  602288  603301  605045  606264  604283  605881  606434  606553  606239  604081  603278  604326  602937  604155  603681  603459  602926  603628  604255  606333  603592  604297  605767  606330  603461  603680  605381  604168  602852  603340  603235  605887  601922  604303  606828  606085  603687  605273  602741  603380  603793  605588  605589  604639  605557  605217  605930  602757  604009  605307  605916  603437  606087  602488  604285  602112  602897  604932  603935  604317  605388  604467  601371  602794  606010  603810  602394  604789  606069  602509  603617  604143  604457  604946  602974  603689  605826  605871  606074  603224  603036  603620  601839  603438  602696  602951  602300  603685  604712  606705  604002  606180  605319  605672  605285  603673  604896  602500  604776  602861  602440  603228  604886  602256  606899  604617  603509  604872  605716  601990  604623  605958  602030  604609  606118  601057  606406  602083  604963  605293  605581  603193  603983  604503  605392  606408  606409  603970  606179  604986  603926  604769  606182  606410  604483  605892  603856  606177  603244  606588  604605  605577  604889  604838  605148  604843  603864  602622  604827  604853  602437  603780  606371  603659  602946  602387   606307  606543  605553  604619  606549  605906  604702  602726  605883  605203  603600  603526  605986  604327  603590  605366  605902  606233  606235  603161  605147  604949  606021  605869  604172  603525  605127  605100  602652  605462  603898  605155  605928  606673  606676  602763  604790  606283  605641  603691  605710  602917  603345  603948  603355  602886  602887  603745  603746  603279  603686  606082  604786  604948  601996  603431  604187  604192  602480  606029  604668  603800  602963  602967  604628  606049  602614  603354  603929  606869  606186  606468  602957  605279  604007  605437  605947  605428  605908  605913  603124  603682  604660  605427  605222  602617  603900  604074  606066  602810  606068  602653  605169  605173  605177  605205  605824  605885  605911  605993  606009  606011  606055  606072  606075  606508  606509  606512  606516  606591  606758  606766  606768  606769  606772  606775  606777  606781  606832  606834  606883  606889  606890  606891  606892  606893  606894  606896  606897  606900  606872  602665  603939  604179  605149  604335  605585  605868  602334  603882  602796  606048  604670  603451  604559  605891  602492  602884  603517  602340  604945  603329  604456  604462  602369  605559  602266  604598  606462  603596  605733  605813  603292  603478  606306  602719  603957  603335  605273  605347  605517  602714  605362  603422  602251  602260  605124  605451  605507  603447  606117  606047  602045  604071  602784  605811  606530  606826  606827  606865  606867  606649  606653  605399  606193  602773  604605  604018  602818  604371  605000  605137  605369  603013  603908  604740  603074  605161  603491  604181  604260  602835  602761  606078  605182  605191  605551  605564  605960  606046  602735  602105  602106  602936  602938  602940  602942  602942  605074  605075  605888  606293  604780  604782  604784  605560  606057  606077  602727  604163  603624  603566  605764  604555  605291  606328  605705  604988  604468  604170  603053  603300  603808  605633  604005  606083  603439  603493  604824  605537  603179  605666  602218  606175  605114  605188  603116  605676  606577  605730  604094  602802  605357  606115  604482  605620  603388  605594  605556  605955  602286  605858  605363  603981  604075  604694  604962  605667  606595  604486  605681  604762  604259  606453  604166  604101  605924  606646  606664  605117  605081  603371  606105  605079  606150  602367  605679  605680  602393  602185  604594  602954  605819  602402  602970  602657  605329  602750  605704  606621  603049  603131  603356  604439  603867  605897  605778  606114  606119  602420  602485  603593  603434  604576  603923  605288  606211  602793  603962  605275  603537  604464  606706  606707  606710  601333  602768  605491  605591  601312  601904  604296  604769  604095  603604  604586  603441  603458  604958  601851  604465  605478  603030  604165  604504  601142  606054  605572  605573  605464  605663  605156  605471  606178  605801  603433  605408  606041  605755  602599  605718  604336  604461  602721  605561  602797  604617  604746  604642  603088  604354  602724  604727  605330  604186  605485  605912  602353  602631  602945  604794  606145  606230  606245  605711  604671  606261  605373  602049  604122  605283  605673  603325  602288  602728  603101  603813  606451  606550  606596  603589  605890  603870  605021  605889  604937  603665  606586  606598  606600  605221  606005  603794  603273  604942  602406  604463  606513  604020  604154  606578  602971  602400  604620  605863  604722  605187  604162  604163  603614  604430  602979  603802  606888  604466  602226  603540  605767  602406  603362  604569  602603  602214  604793  602649  603198  602142  604897  606024  604126  604891  605052  603932  604795  605443  604056  606282  604816  602005  603940  602438  605183  603196  606406  606538  606191  602919  605701  603463  606379  604552  603008  606655  605493  604124  605071  605077  606188  606189  602611   603992  603963  603299  605341  603374  606656  605023  605491  603920  604933  606652  606250  602224  606465  605253  602027  603928  602870  604017  602056  603448  605917  603449  604783  604551  605309  605428  605429  606281  605957  603801  605488  606103  604315  604923  602775  605582  606185  603805  601892  606170  606218  602486  603295  603793  604131  603905  603488  604229  605523  606750  605153  602721  604909  603787  606518  605660  605933  603229  605318  602279  603043  604911  604332  604909  604196  604791  603671  603462  602932  606506  603688  604779  602729  604778  601777  603254  605566  605682  605756  604151  605175  605315  605384  603584  602521  602612  604473  605337  603431  606369  605810  602637  602638  606147  605922  602982  602234  604250  605465  605494  605383  602620  604889  604610  604693  604450  604152  601346  603915  603807  604387  603892  603967  602415  603984  602194  603921  605193  605229  605269  603862  603866  605580  602582  603863  603985  606593  603845  604985  603387  606404  604099  604706  603218  604899  606236  602883  603142  603994  606310  604943  602662  604173  602571  603112  603113  603225  605956  605726  605052  605696  602297  602309  604860  604921  605919  605130  604854  604312  606364  605442  605006  605447  603363  605360  605219  603713  605220  601975  604631  602404  602694  605725  604799  604636  604004  606028  605011  604798  605218  603911  604632  603084  602455  603361  605307  605440  603913  604555  606026  604351  605637  605039  605290  604518  606241  603180  603212  606245  602076  604333  606878  606885  606885  606886  606887  603627  602366  603657  605985  606030  603294  603359  605395  604887  602053  603290  602856  605807  604749  603877  602722  606110  602731  604626  606052  601600  603924  603336  602347  603894  603897  602965  605266  604288  605159  606454  604848  605378  603214  605351  606251  604198  602630  603166  606521  604157  605766  603331  602454  605802  605370  605139  602763  606598  603381  606088  604169  605209  602839  605156  602851  603358  602324  604228  603821  603834  606724  602449  605365  602919  604941  604944  602952  603491  603492  602801  605920  603063  603972  605026  605033  606515  604039  602361  602136  603934  603560  604472  602333  603353  605340  604734  604967  604961  601196  603163  605999  601547  603846  603982  605574  601832  602233  602423  606460  603457  606168  602320  602321  602459  603144  604505  602621  605390  602515  602647  602648  606197  602537  605191  602195  603559  603925  605999  606000  605593  604792  604060  602088  604779  605105  604515  603423  604647  602747  604322  603927  602745  603465  604644  606747  605900  603508  604200  605555  605692  605694  602555  605405  605152  605165  605166  603041  603080  605480  603977  602195  602947  606908  901290  901656  605746  605850  605992  606028  606014  606023  606082  606334  606338  605747  901745  606357  606808  606816  605470  605483  606670  606208  606102  604883  605056  606929  606928  606442  606443  606847  606862  606526  606529  901687  605828  605829  606837  606925  605089  606308  606563  901746  605496  605497  605640  605096  605128  901318  901391  606836  606932  606062  606140  901662  901671  901674  605816  606861  606863  606792  604982  606642  605501  606657  606658  605821  605822  606001  605823  605067  605068  605320  605151  605503  605606  605677  606266  901620  901647  901648  901377  901748  901749  606332  901750  901226  901551  606931  901614  605063  605064  901484  901485  606641  606643  605530  605531  605808  605809  605799  605803  606315  606316  606875  606873  606874  606308  605615  605689  606031  606036  606305  606343  605545  604845  605939  606111  605119  606502  606503  606291  606298  605030  605512  605638  605236  605237  606526  606527  606696  606697  606292  606296  605413  604857  604875  604992  606444  606472  901663  901673   606498  606499  605841  605845  605846  605090  605091  605625  605632  901540  901573  605109  605226  605235  606198  606206  606258  606263  606759  901410  606425  606426  606427  901373  901374  606097  606134  606139  606528  604883  605125  606857  606922  606299  901565  901566  901660  901625  901627  605693  606669  606420  606422  605422  605431  606393  606421  901481  901521  901768  901769  605775  605776  605786  901501  901697  901760  901761  605054  605266  605267  605268  901214  901285  901356  901357  901567  901568  901569  605167  605168  605013  605049  605079  605080  901457  901480  604839  604856  901496  901537  901538  901758  901759  605092  901304  604995  901239  901240  901369  901370  901781  901782  901535  901536  602824  602826  606843  606844  606845  606852  901591  901592  605012  605513  605514  901250  901378  901005  901721  604427  604428  901518  901520  606423  606424  901783  901784  606611  606612  606613  606615  605242  605243  901635  901317  901320  901698  901705  606287  606289  901688  901689  901499  901672  606698  901726  606614  606626  605482  605502  901229  901230  901516  901517  606355  901549  901564  901562  901563  606063  606065  606361  606441  901246  901247  605107  606301  604400  604401  606348  606368  901486  901487  901514  901515  605626  605627  605628  605836  605840  606060  606061  605965  605976  901342  901343  602554  605311  605430  901695  901696  901641  901642  901659  901661  901241  901242  605800  605804  901346  901352  605439  901401  605460  605461  901741  901742  602360  602362  604469  604470  604685  604692  605016  606163  606164  606762  606789  606856  901077  901078  901437  901580  901581  901739  901740  901774  605444  605445  901323  901327  901268  901278  901281  901282  901286  901293  901295  901308  901637  901638  605175  605202  606837  606839  605657  605676  606112  606133  603152  603904  901328  901713  901714  605065  605066  901690  605061  605062  605084  605140  605213  605227  605035  605082  605312  605418  605421  605506  605592  605599  605647  605670  605745  605785  605793  605794  606004  606007  606015  606207  606212  606248  606249  606259  606262  606278  606339  606373  606388  606389  606390  606391  606392  606438  606469  606471  606540  606541  606542  606914  606915  606917  606918  606921  606924  605671  901575  901201  901202  901388  901441  901398  901605  901606  901429  901432  901416  901417  900479  900471  603420  603468  604811  901524  901527  901675  901669  901396  901394  901098  901099  601051  901622  901621  602740  602741  603587  605601  901442  901439  901454  901275  901276  901427  901428  901274  901493  605456  605258  901080  602008  602006  901240  901239  602533  604053  601298  606153"
"Devices","No","","82079","Ongoing","Beckman Coulter Inc.","250 S Kraemer Blvd","","Brea","CA","	92821-6232","United States","Voluntary: Firm initiated","Letter","US: NJ, OH, NY, GA, FL, TN, WI, MI, MS, CA, NC, TX, PA, DC, IN, KY, IL, WA, MN, LA, ND, ID, WV, AK, AL, MA.    OUS: Argentina, Australia, Bahrain, Canada, China, Croatia, Czech Republic, Egypt, Germany, Greece, India, Italy, Malaysia, Morocco, Netherlands, Nigeria, Poland, Portugal, Qatar, Saudi Arabia, Singapore, South Africa, Spain, Switzerland, Thailand, Tunisia, United Kingdom, United States, Vietnam","Z-1078-2019","Class II","UniCel DxC 660i, 680i, 860i, and 880i SYNCHRON Access Clinical Systems, that are re-configured so that the DxI system is separated from the DxC system and the DxI instrument is then connected to an automation line.    System Name/ Catalog Number:   DxC 660i/ A64871,  DxC 680i /A64903,  DxC 860i /A64935,  DxC 880i /A59102  ","0","When racks are front-loaded onto the sample presentation unit while samples from the automation line are being processed, a scheduling error within the software can cause mishandling of samples during the creation of an aliquot and lead to incorrect results being generated. Affected samples typically yield non-reproducible falsely decreased results by up to 100%, however the potential for falsely elevated results cannot be ruled out.","12/05/2018","03/30/2019","","04/10/2019","Systems running software versions: 5.2, 5.3.0, 5.3.1."
"Devices","No","","82101","Ongoing","Conformis, Inc.","600 Technology Park Dr","","Billerica","MA","	01821-4154","United States","Voluntary: Firm initiated","E-Mail","The products were distributed to the following US states: NH.    The products were distributed to the following foreign countries: Germany","Z-1079-2019","Class II","iTotal Posterior Stabilized (PS) Knee Replacement System, Catalog Number TPS-111-1111 - 020102","2","The labeling of the boxes and sterile pouches did not match the contents.","01/04/2019","03/30/2019","","04/10/2019","Serial Numbers 0434436 and 0434836"
"Food","No","","82103","Terminated","Willamette Valley Pie Company, LLC.","1651 Eska Way","","Silverton","OR","	97381-1294","United States","Voluntary: Firm initiated","Two or more of the following: Email, Fax, Letter, Press Release, Telephone, Visit","California, Oregon, Texas, and Washington.","F-1228-2019","Class II","Frozen IQF Red Raspberries packed in a flexible polybag. Each bag is 2 lbs (906.5g), 6 bags per case. UPC is 0 22518 87750 9.     The label of 2 lb. bag is read in parts: ""***Red Raspberries ***WILLAMETTE VALLEY FRUIT ***Ingredients: Red Raspberries*** 2994 82nd Avenue NE Salem, OR 97305***PRODUCT OF USA***"".     The white adhesive label on the master case in read in parts: ""***IQF RED RASPBERRY***QTY: 6/2 LB POLY-BAGS***ITEM CODE 0 22518 87750 9 *** KEEP FROZEN***LOT#: 338 811***BB: 12/03/2020***Willamette Valley Fruit Co packed for Willamette Valley Pie Company 1651 Eska Way, Silverton OR  97381***ORIGIN: USA***"".","1,221 cases (6/2 lb. bags per case)","Frozen IQF red raspberries are recalled due to potential contamination with Hepatitis A virus.","02/07/2019","03/31/2019","06/10/2019","04/10/2019","Lot Code: 338811  BEST BY DEC/03/2020"
"Food","No","","82103","Terminated","Willamette Valley Pie Company, LLC.","1651 Eska Way","","Silverton","OR","	97381-1294","United States","Voluntary: Firm initiated","Two or more of the following: Email, Fax, Letter, Press Release, Telephone, Visit","California, Oregon, Texas, and Washington.","F-1229-2019","Class II","Frozen IQF Strawberries packed in a flexible polybag. Each bag is 2 lbs (906.5g), 6 bags per case. UPC  is UPC: 0 22518 87710 3.      The label of 2 lb. bag is read in parts: ""***STRAWBERRIES***KEEP FROZEN***Net Weight 2 lbs. ***WILLAMETTE VALLEY FRUIT ***"".     The white adhesive label on the master case in read in parts: ""***STRAWBERRIES ***QTY: 6/2 LB POLY-BAGS***ITEM CODE 0 22518 87710 3 *** KEEP FROZEN***LOT#: 255 811***BB: 09112020***Willamette Valley Fruit Co packed for Willamette Valley Pie Company 1651 Eska Way, Silverton OR  97381***ORIGIN: USA***"".","1,448 cases (6/2 lb. bags per case)","Frozen IQF strawberries are recalled due to potential contamination with Hepatitis A virus.","02/07/2019","03/31/2019","06/10/2019","04/10/2019","Lot Code: 255811  BEST BY Sep/11/2020"
"Devices","No","","82116","Ongoing","Abbott Laboratories, Inc","1921 Hurd Dr","","Irving","TX","	75038-4313","United States","Voluntary: Firm initiated","Letter","Distribution was made nationwide, including Puerto Rico.  There was also government and military distribution.    Foreign distribution was made to Algeria, Argentina, Australia, Austria, Belarus, Belgium, Bermuda, Bosnia and Herzegovina, Brazil, Brunei, Bulgaria, Canada, Cayman Islands, Chile, China, Colombia, Costa Rica, Croatia, Czech Republic, Denmark, Ecuador, Egypt, El Salvador, Estonia, Finland, France, Gaza & Jericho, Germany, Greece,  Guatemala, Hong Kong, Hungary, India, Indonesia, Iraq, Ireland, Israel, Italy, Jamaica, Kazakhstan, Kuwait, Latvia, Lebanon, Libya, Lithuania, Luxembourg, Macedonia, Malaysia, Maldives, Mali, Mexico, Moldova, Morocco, Netherlands, Netherlands (Curacao), New Zealand, Norway, Oman, Pakistan, Paraguay, Philippines, Poland, Portugal, Qatar, Republic of Yemen, Romania, Russia, Rwanda, Saudi Arabia, Senegal, Serbia, Singapore, Slovakia, South Africa, South Korea, Spain, Sweden, Switzerland, Taiwan, Tanzania, Thailand, Trinidad & Tobago, Tunisia, Turkey, UAE, Uganda, United Kingdom, Uruguay, Vietnam, and Zimbabwe.","Z-1075-2019","Class II","Abbott ARCHITECT Creatine Kinase, IVD, REF 7D63-21.","6,187 kits kits","The product has a stability issue which may lead to an error code indicating ""Unable to calculate result, reaction check failure"" and/or Quality Control results out of range low.","07/18/2018","03/30/2019","","04/10/2019","Lot number 87697UN18, exp. 22OCT18; UDI (01)00380740012878  (17)181022(10)87697UN18;    Lot number 99632UN18, exp. 12NOV18, UDI (01)00380740012878  (17)181112(10)99632UN18; and    Lot 24358UN18, exp. 05DEC18, UDI (01)00380740012878  (17)181205(10)24358UN18."
"Devices","No","","82116","Ongoing","Abbott Laboratories, Inc","1921 Hurd Dr","","Irving","TX","	75038-4313","United States","Voluntary: Firm initiated","Letter","Distribution was made nationwide, including Puerto Rico.  There was also government and military distribution.    Foreign distribution was made to Algeria, Argentina, Australia, Austria, Belarus, Belgium, Bermuda, Bosnia and Herzegovina, Brazil, Brunei, Bulgaria, Canada, Cayman Islands, Chile, China, Colombia, Costa Rica, Croatia, Czech Republic, Denmark, Ecuador, Egypt, El Salvador, Estonia, Finland, France, Gaza & Jericho, Germany, Greece,  Guatemala, Hong Kong, Hungary, India, Indonesia, Iraq, Ireland, Israel, Italy, Jamaica, Kazakhstan, Kuwait, Latvia, Lebanon, Libya, Lithuania, Luxembourg, Macedonia, Malaysia, Maldives, Mali, Mexico, Moldova, Morocco, Netherlands, Netherlands (Curacao), New Zealand, Norway, Oman, Pakistan, Paraguay, Philippines, Poland, Portugal, Qatar, Republic of Yemen, Romania, Russia, Rwanda, Saudi Arabia, Senegal, Serbia, Singapore, Slovakia, South Africa, South Korea, Spain, Sweden, Switzerland, Taiwan, Tanzania, Thailand, Trinidad & Tobago, Tunisia, Turkey, UAE, Uganda, United Kingdom, Uruguay, Vietnam, and Zimbabwe.","Z-1076-2019","Class II","Abbott ARCHITECT Creatine Kinase, IVD, REF 7D6341.","30 kits","The product has a stability issue which may lead to an error code indicating ""Unable to calculate result, reaction check failure"" and/or Quality Control results out of range low.","07/18/2018","03/30/2019","","04/10/2019","Lot number 99633UN18, exp. 02JAN19, UDI (01)00380740101176(17)190102(10)99633UN18."
"Devices","No","","82240","Ongoing","Abbott Laboratories","4551 Great America Pkwy","","Santa Clara","CA","	95054-1208","United States","Voluntary: Firm initiated","Letter","Worldwide Distribution: US (nationwide) including Puerto Rico, and countries of: Argentina, Armenia, Australia, Austria, Azerbaijan, Bahamas, Bahrain, Bangladesh, Barbados, Belgium, Belize, Bermuda, Bosnia and Herzegovina,  Brazil, Bulgaria, Burkina Faso, Cameroon, Canada, Chile, China, Colombia, Congo, Costa Rica, Croatia, Cyprus, Czech Republic, Dominican Republic, Ecuador, Egypt, El Salvador, Ethiopia, Finland, France, Gaza & Jericho, Germany, Greece, Guatemala, Guinea, Haiti,  Honduras, Hong Kong, Hungary, India, Indonesia, Iran, Iraq, Ireland, Israel, Italy, Ivory Coast, Jamaica, Jordan, Kazakhstan, Kenya, Kuwait, Latvia, Lebanon, Libya, Lithuania, Luxembourg, Malaysia, Mali, Mauritania, Mexico, Moldova, Montenegro, Mozambique, Netherlands, New Zealand, Nigeria, Norway, Oman, Pakistan, Peru, Philippines, Poland, Portugal, Qatar, Romania, Russia, Saudi Arabia, Serbia, Singapore, Slovakia, Slovenia, South Africa, South Korea, Spain, Sri Lanka, St. Maarten, St. Vincent & The Grenadines, Sudan, Switzerland, Taiwan, Tanzania, Thailand, Togo, Trinidad & Tobago, Turkey, Turks & Caicos, UAE, Uganda, UK, Uruguay, Venezuela, Viet Nam, Yemen, Zambia, and Zimbabwe.","Z-1074-2019","Class II","CELL-DYN Emerald analyzer, REF 09H39-01.     The CELL-DYN Emerald is an automated hematology analyzer intended for in-vitro diagnostic use in the clinical laboratory.","6,353 units","There is a potential for the device to generate Quality Control (QC) low or out-of-range low for parameters RBC and PLT.","02/20/2019","03/29/2019","","04/10/2019","All serial numbers below 7765."
"Devices","No","","82241","Ongoing","Advanced Bionics, LLC","28515 Westinghouse Pl","","Valencia","CA","	91355-1398","United States","Voluntary: Firm initiated","Letter","Distribution was made to NC.  Foreign distribution was made to Canada, Argentina, Germany, South Africa, Egypt, Kuwait, and Iran.  There was no government/military distribution.","Z-1083-2019","Class II","Na¿da CL Q30 Sound Processor, Sand Beige, Model Cl-5260-120; Silver Gray, Model Cl-5260-140; and Velvet Black, Model Cl-5260-150.","4 sound processors","The sound processors were loaded with the incorrect firmware.","02/06/2019","04/03/2019","","04/10/2019","Model Cl-5260-120 - Serial number 1047584, UDI (01)07630016838057(11)180309(21)1045784;     Model Cl-5260-140 - Serial number 1047481, UDI (01)07630016829710(11)151208(21)1047481; and Serial number 1047482, UDI (01)07630016829710(11)151208(21)1047482; and    Model Cl-5260-150 - Serial number 1082276, UDI (01)07630016838071(11)180925(21)1082276."
"Devices","No","","82241","Ongoing","Advanced Bionics, LLC","28515 Westinghouse Pl","","Valencia","CA","	91355-1398","United States","Voluntary: Firm initiated","Letter","Distribution was made to NC.  Foreign distribution was made to Canada, Argentina, Germany, South Africa, Egypt, Kuwait, and Iran.  There was no government/military distribution.","Z-1084-2019","Class II","Na¿da CI Q70 Sound Processor, Sand Beige, Model Cl-5245-120; Silver Gray, Model Cl-5245-140; and Velvet Black, Model Cl-5245-150.","3 sound processors","The sound processors were loaded with the incorrect firmware.","02/06/2019","04/03/2019","","04/10/2019","Model Cl-5245-120 - Serial number 1042838, UDI (01)07630016837814(11)150729(21)1042838;    Model Cl-5245-140 - Serial number 1013129, UDI (01)07630016838262(11)181030(21)1013129; and    Model Cl-5245-150 - Serial number 1033132, UDI (01)07630016838279(11)170525(21)1033132."
"Devices","No","","82241","Ongoing","Advanced Bionics, LLC","28515 Westinghouse Pl","","Valencia","CA","	91355-1398","United States","Voluntary: Firm initiated","Letter","Distribution was made to NC.  Foreign distribution was made to Canada, Argentina, Germany, South Africa, Egypt, Kuwait, and Iran.  There was no government/military distribution.","Z-1085-2019","Class II","Na¿da CI Q90 Sound Processor, Silver Gray, Model Cl-5280-140.","1 sound processor","The sound processors were loaded with the incorrect firmware.","02/06/2019","04/03/2019","","04/10/2019","Serial number 1066444, UDI (01)07630016838118(11)180725(21)1066444."
"Biologics","No","","82242","Terminated","OneBlood, Inc.","10100 Dr Martin Luther King Jr St N","","St Petersburg","FL","	33716-3806","United States","Voluntary: Firm initiated","FAX","FL","B-0436-2019","Class II","Apheresis Red Blood Cells, Leukocytes Reduced","1 unit","Blood product, which did not meet the acceptable product specifications, was distributed.","01/30/2019","04/02/2019","04/02/2019","04/10/2019","W036818818249"
"Food","No","","82292","Terminated","Snow's Acquisition, LLC","80 School St","","Greenfield","MA","	01301-2410","United States","Voluntary: Firm initiated","Visit","MA","F-1230-2019","Class II","Snow's PREMIUM ICE CREAM Mint Chip Mint Ice Cream with Dark Chocolate Chunks 1.5 QUART (1.42L) KEEP FROZEN, UPCE: 0 48896400139","104 sleeves","Product contains undeclared Yellow #5.","03/01/2019","04/01/2019","04/01/2019","04/10/2019","Lot Codes: 081920; 072020"
"Food","No","","82297","Terminated","Fungi Perfecti LLC","50 SE Nelson Rd","","Shelton","WA","	98584-7217","United States","Voluntary: Firm initiated","E-Mail","Distributed in the US nationwide.  Also distributed in Norway and Canada","F-1231-2019","Class II","Host Defense MycoBotanicals Blood Sugar, dietary supplement, 500mg capsules, 60 ct per bottle, serving size 2 capsules per day.    UPC: 6 33422 70474 6 (distributed in US)  UPC: 8 22078 71303 9 (distributed in Canada)    The product is labeled in parts: ""***HOST DEFENSE MYCO BOTANICALS BLOOD SUGAR ***Made with Organic Mushroom Mycelium, Gymnema & Cinnamon, 60 Vegetarian Capsules Dietary Supplement***GLUTEN FREE*** Distributed by Fungi Perfecti, LLC PO BOX 7634 Olympia, WA 98507***.","11,042 bottles","Host Defense MycoBotanicals Blood Sugar, 60 ct. bottles, is recalled due to undeclared wheat.","02/28/2019","04/01/2019","06/28/2019","04/10/2019","100217 EXP: 10/20  101718 EXP: 10/21   080918 EXP: 08/21  (Canada)    Lot code is the date of encapsulation, expiration is set as month/year 3 years from month of manufacture ."
"Drugs","No","","82298","Ongoing","Johnson Matthey Inc.","2003 Nolte Dr","","West Deptford","NJ","	08066-1727","United States","Voluntary: Firm initiated","Letter","Nationwide in the US","D-1077-2019","Class II","Morphine Sulfate USP Milled, Active Pharmaceutical Ingredient, Rx only, Johnson Matthey Pharmaceutical Materials, 2003 Nolte Drive, West Deptford, NJ 08066-1742","169.976 kg","Microbial Contamination of Non-Sterile Products: Bioburden out of specification results for Morphine Sulfate API.","03/05/2018","04/03/2019","","04/10/2019","Lot# B1414-160809, Retest Date AUG 2021"
"Devices","No","","82324","Ongoing","Zimmer Biomet, Inc.","56 E Bell Dr","","Warsaw","IN","	46582-6989","United States","Voluntary: Firm initiated","Letter","Nationwide","Z-1081-2019","Class II","Biomet Small Diameter Cement Plug Inserter-Sterile, single-use accessory instrumentation to be used during surgical procedures utilizing the Small Diameter Cement Plug implant devices  Item Number: 414989","89 units","Lack of an adequate sterilization validation","02/28/2019","04/01/2019","","04/10/2019","All lots"
"Devices","No","","82332","Ongoing","Zimmer Biomet, Inc.","56 E Bell Dr","","Warsaw","IN","	46582-6989","United States","Voluntary: Firm initiated","Letter","Worldwide Distribution - US Nationwide  Foreign:  CHILE           CHINA                COSTA RICA                 GUJRAT,INDIA      JAPAN            MEXICO CDMX       SINGAPORE","Z-1086-2019","Class II","Biomet RingLoc Hip System Self-Tapping Bone Screw 6.5mmx20mm-Low Profile Titanium. Accessory to total hip implant  Item Number: 103531    Product Usage:  Accessory to total hip implant  ","809 total","Two lengths of the 6.5mm RingLoc Hip System Self-Tapping Bone Screw may have the potential for the 30mm screws to be packaged as 20mm screws and vice versa.  ","03/01/2019","04/04/2019","","04/10/2019","Lot Numbers/UDI Number  523430  (01) 00880304001961 (17) 280804 (10) 523430  523450  (01) 00880304001961 (17) 280727 (10) 523450  860840  (01) 00880304001961 (17) 280806 (10) 860840  860850  (01) 00880304001961 (17) 280809 (10) 860850  860860  (01) 00880304001961 (17) 280806 (10) 860860"
"Devices","No","","82332","Ongoing","Zimmer Biomet, Inc.","56 E Bell Dr","","Warsaw","IN","	46582-6989","United States","Voluntary: Firm initiated","Letter","Worldwide Distribution - US Nationwide  Foreign:  CHILE           CHINA                COSTA RICA                 GUJRAT,INDIA      JAPAN            MEXICO CDMX       SINGAPORE","Z-1087-2019","Class II","Biomet RingLoc Hip System Self-Tapping Bone Screw 6.5mmx30mm-Low Profile Titanium, Accessory to total hip implant  Item Number: 103533    Product Usage:  Accessory to total hip implant  ","809 units total","Two lengths of the 6.5mm RingLoc Hip System Self-Tapping Bone Screw may have the potential for the 30mm screws to be packaged as 20mm screws and vice versa.  ","03/01/2019","04/04/2019","","04/10/2019","Lot Numbers/UDI Number  859960  (01) 00880304008700 (17) 280809 (10) 859960  859980  (01) 00880304008700 (17) 280805 (10) 859980  860120  (01) 00880304008700 (17) 280806 (10) 860120  860310  (01) 00880304008700 (17) 280823 (10) 860310  860580  (01) 00880304008700 (17) 280807 (10) 860580"
"Cosmetics","No","","82364","Terminated","Dynamic Color Inc","500 Se 32nd Ct","","Fort Lauderdale","FL","	33316-4135","United States","Voluntary: Firm initiated","Two or more of the following: Email, Fax, Letter, Press Release, Telephone, Visit","Tattoo ink is sold to distributors who then sell to tattoo artists and studios","F-1236-2019","Class II","Dynamic Color BLK (Black); Lot # 12026090; EXP 09/06/2021","803 bottles/8 oz. each","Products potentially contaminated with Bacillus cereus.","03/12/2019","04/04/2019","09/03/2019","04/10/2019","Lot # 12026090; Use By 09/06/2021"
"Cosmetics","No","","82364","Terminated","Dynamic Color Inc","500 Se 32nd Ct","","Fort Lauderdale","FL","	33316-4135","United States","Voluntary: Firm initiated","Two or more of the following: Email, Fax, Letter, Press Release, Telephone, Visit","Tattoo ink is sold to distributors who then sell to tattoo artists and studios","F-1237-2019","Class II","Dynamic Color BLK (Black); Lot # 12024090; EXP 09/04/2021","Not Provided","Potential to be contaminated with Bacillus cereus, Staphylococcus equorum, and Kocuria kristinae in product","03/12/2019","04/04/2019","09/03/2019","04/10/2019","Lot # 12024090; Use By 09/04/2021"
"Biologics","No","","82371","Terminated","OneBlood, Inc.","8669 Commodity Cir","","Orlando","FL","	32819-9003","United States","Voluntary: Firm initiated","FAX","Florida","B-0452-2019","Class II","Apheresis Platelets, Leukocytes Reduced","1 unit","Blood products, which were labeled as leukoreduced, but were not tested to verify white blood cell count, were distributed.","02/19/2019","04/02/2019","04/02/2019","04/10/2019","W036818852200 (Double collection)"
"Biologics","No","","82371","Terminated","OneBlood, Inc.","8669 Commodity Cir","","Orlando","FL","	32819-9003","United States","Voluntary: Firm initiated","FAX","Florida","B-0453-2019","Class II","Apheresis Platelets, Leukocytes Reduced, Irradiated","1 unit","Blood products, which were labeled as leukoreduced, but were not tested to verify white blood cell count, were distributed.","02/19/2019","04/02/2019","04/02/2019","04/10/2019","W036818810720"
"Cosmetics","No","","82399","Ongoing","Color Art, Inc. DBA Solid Ink","16600 Nw 54th Ave Unit 6","","Miami Gardens","FL","	33014-6105","United States","Voluntary: Firm initiated","Two or more of the following: Email, Fax, Letter, Press Release, Telephone, Visit","domestic and international (South Korea and Taiwan)","F-1223-2019","Class II","Solid Ink Brand DIABLO (red) color in a 2 oz. bottle, with lot number 10.19.18, EXP 10.2022, CI#21160 56110 12467","60 bottles/2 oz. each","Product recalled due to potential microbial contamination.","03/20/2019","03/29/2019","","04/10/2019","lot number 10.19.18, 2 oz, EXP 10.2022, CI#21160 56110 12467"
"Biologics","No","","82408","Terminated","OneBlood, Inc.","10100 Dr Martin Luther King Jr St N","","St Petersburg","FL","	33716-3806","United States","Voluntary: Firm initiated","FAX","Florida","B-0458-2019","Class II","Apheresis Granulocytes","3 units","Blood products, with a low granulocyte yield, were distributed.  ","01/18/2019","04/01/2019","04/01/2019","04/10/2019","W036818755905; W036818755915; W036818755930"
"Food","No","","82454","Terminated","Century Snacks LLC","5560 E Slauson Ave","","Commerce","CA","	90040-2921","United States","Voluntary: Firm initiated","Two or more of the following: Email, Fax, Letter, Press Release, Telephone, Visit","U.S. distribution to the following: Alabama, Arizona, California, Colorado, Florida, Georgia, Illinois, Indiana, Iowa, Kansas, Kentucky, Minnesota, Mississippi, Missouri, Nebraska, Nevada, New Hampshire, New York, North Carolina, Ohio, Oklahoma, Oregon, Pennsylvania, Tennessee, Texas, Utah, Virginia, Washington, Wisconsin, and the District of Columbia.    No foreign distribution.","F-1232-2019","Class II","Snak Club Honey Bliss Nut Mix:  Honey Butter Flavored Almonds, Peanuts, Pumpkin Seeds, Pistachios, Pecans & Honey Sesame Sticks.  NET WET,3-oz. and 5.75-oz plastic pouches and 25 lb. bulk bags    3 oz. UPC: 0 87076 21152 3,  5.75 oz. UPC: 0 87076 51152 4  ","7398 cases","Internal label review discovered that Honey Butter Seasoning contains MILK allergen but allergen was not declared on finished packaging but rather was listed as  Natural Flavors.","03/20/2019","04/02/2019","07/10/2019","04/10/2019","All codes"
"Food","No","","82457","Ongoing","Better Made Snack Foods Inc.","10148 Gratiot Ave","","Detroit","MI","	48213-3211","United States","Voluntary: Firm initiated","Two or more of the following: Email, Fax, Letter, Press Release, Telephone, Visit","Retailers in Michigan and Ohio, and mail order Nationwide","F-1235-2019","Class II","Better Made Snack Foods Family Size $3.99 Original Potato Chips   10oz. flexible pouch bag   UPC code of 041633063048  12 bags per case  ","660 bags","Undeclared milk","03/21/2019","04/04/2019","","04/10/2019","UPC code of 041633063048  Lot information marked on the top right corner:  Lot # 62090431442 thru Lot # 62090431520  Lot # 85100431442 thru Lot # 85100431520  Use by date of 10 AUG 2019"
"Drugs","No","","82477","Ongoing","Pacific Compounding Pharmacy & Consultations Inc","312 Lincoln Ctr","","Stockton","CA","	95207-2627","United States","Voluntary: Firm initiated","Telephone","California","D-1076-2019","Class II","Cefuroxime 10mg/mL INJ 0.5 mg, SDV, Rx only, Pacific Compounding, Stockton, CA","41.4 mL","Presence of Particulate Matter: Particulate matter was reported in one lot of Cefuroxime by a physician after use of product.. FDA analysis identified the particulate as coring of the rubber stopper","08/23/2018","04/02/2019","","04/10/2019","Lot # 07232018@15 BUD 9/6/18 (frozen)"
"Food","No","","82488","Terminated","Newport Ingredients","5701 Union Pacific Ave","","Commerce","CA","	90022-5134","United States","Voluntary: Firm initiated","Telephone","HI Only","F-1234-2019","Class II","Maika'i Sweet Honey Nut Snack Mix,   Honey Sesame Sticks, Almonds, Pumpkin Seeds, Peanuts, Pistachios & Pecans.  NET WT. 8 oz.  (226) clear plastic bags;     UPC: 6 18551 60132 6    Packed on shared equipment with peanuts, tree nuts, wheat, soy and milk.    Distributed by Foodland Super Market, LTD.  Honolulu, HI 96816","168 cases (2016 x 8 oz. bags)","Notified by manufacturer of nut mix of recall due to undeclared milk.","03/22/2019","04/03/2019","06/14/2019","04/10/2019","Best By Aug 28 19  - 56 cases  Best By Nov 09 19  - 112 cases"
"Drugs","No","","82490","Ongoing","Legacy Pharmaceutical Packaging LLC","13333 Lakefront Dr","","Earth City","MO","	63045-1514","United States","Voluntary: Firm initiated","Letter","AZ, IN, TN","D-1075-2019","Class II","Losartan Potassium Tablets, USP, 50 mg, 30 tablet bottles, Rx Only, Distributed by: The Kroger Co, Cincinnati, OH 45202, Manufactured for: Torrent Pharma Inc., 150 Allen Road, Suite 102, Basking Ridge, NJ 07920, Packaged by: Legacy Pharmaceutical Packaging LLC, Earth City, MO 63045 NDC 68645-494-54","179,544 30-count bottles","CGMP Deviations: presence of an impurity, N-Methylnitrosobutyric acid (NMBA) detected.","03/01/2019","04/01/2019","","04/10/2019","Lots: 180190, 180191 (exp 10/2020) and 181597 (exp 02/2021)"
"Drugs","No","","82509","Ongoing","KRS Global Biotechnology, Inc","791 Park of Commerce Blvd Ste 600","","Boca Raton","FL","	33487-3633","United States","Voluntary: Firm initiated","Letter","Nationwide in the USA","D-1078-2019","Class II","NORepinephrine 16 mg added to 0.9% Sodium Chloride (PF), 16 mg / 250 mL, 250 mL IV bag,  Rx only, KRS Global Biotechnology: 791 Park of Commerce Blvd., Boca Raton, FL 33487. NDC 3321678343","190 250 mL bags","Labeling: Label mix-up","01/16/2019","04/04/2019","","04/10/2019","Lot: 12112018@24 Exp. 01/25/2019"
"Drugs","No","","82509","Ongoing","KRS Global Biotechnology, Inc","791 Park of Commerce Blvd Ste 600","","Boca Raton","FL","	33487-3633","United States","Voluntary: Firm initiated","Letter","Nationwide in the USA","D-1079-2019","Class II","NORepinephrine 4 mg added to 5% Dextrose 250 mL Bag (PF), 4 mg / 250 mL, 250 mL IV bag,  Rx only, KRS Global Biotechnology: 791 Park of Commerce Blvd., Boca Raton, FL 33487. NDC  3321674481         ","433 250 mL bags","Labeling: Label mix-up","01/16/2019","04/04/2019","","04/10/2019","Lot: 12122018@7 Exp. 02/10/2019"
"Drugs","No","","82523","Terminated","Jubilant Cadista Pharmaceuticals, Inc.","207 Kiley Dr","","Salisbury","MD","	21801-2249","United States","Voluntary: Firm initiated","Letter","Nationwide in the USA.","D-1074-2019","Class II","Pantoprazole Sodium Delayed-Release Tablets, USP, 40 mg*, 90-count bottle, Rx Only, Manufactured by: Jubilant Generics Ltd., Roorkee - 247661, India; Marketed by: Jubilant Cadista Pharmaceuticals Inc., Salisbury, MD  21801; NDC 59746-284-90.","12,960 bottles","Discoloration: Expansion of an earlier recall due to the presence of dark brown discoloration on the edges of the tablets.","03/29/2019","04/01/2019","09/20/2019","04/10/2019","Lot #: PA217060A, Exp 05/2020"
"Devices","No","","82248","Ongoing","Beaver Visitec","500 Totten Pond Rd","10 City Point","Waltham","MA","	02451-1916","United States","Voluntary: Firm initiated","Letter","US Nationwide Distribution to states of :  AL, AZ, CA, FL, ID, MN, MO, NY, OH, PA, and TX; and internationally to: Ireland and UK.","Z-1088-2019","Class III","Micro Knife 5.0mm 30¿, Part Number 0001522      The Beaver¿ Micro Knife 5.0mm 30¿ is a sharp pointed tip intended for ophthalmic, ENT and other forms of surgery stab incisions and other microsurgical techniques. .","97 boxes (10units/box)","The product contains a misprinted expiration date on the peel pack.  Both were printed as ""180615"", which is the lot  number. The Lot number is correct.","02/19/2019","04/04/2019","","04/10/2019","Lot Number 180615"
"Biologics","No","","82252","Terminated","CSL Plasma, Inc.","690 Peoria St Unit M","","Aurora","CO","	80011-8233","United States","Voluntary: Firm initiated","Other","Germany, Switzerland","B-0437-2019","Class III","Source Plasma","3 units","Blood products, collected from a donor whose suitability to donate was not adequately determined, were distributed.","01/09/2019","04/02/2019","04/02/2019","04/10/2019","70211620482; 70211719474; 70211626526"
"Biologics","No","","82255","Terminated","CSL Plasma Inc","1501 Riverside Dr Ste 110","","Chattanooga","TN","	37406-4332","United States","Voluntary: Firm initiated","Other","IL","B-0440-2019","Class III","Source Plasma","2 units","Blood products, collected from a donor who could not understand the donation materials, were distributed.","12/18/2018","04/02/2019","04/02/2019","04/10/2019","01006270488; 01006277321"
"Biologics","No","","82256","Terminated","CSL Plasma, Inc.","4596 State St","","Saginaw","MI","	48603-3803","United States","Voluntary: Firm initiated","Other","IL","B-0441-2019","Class III","Source Plasma","2 units","Blood products, collected from a donor who could not understand the donation materials, were distributed.","12/12/2018","04/02/2019","04/02/2019","04/10/2019","16901418946; 16901338516"
"Biologics","No","","82257","Terminated","CSL Plasma, Inc.","21921 Greenfield Rd","","Southfield","MI","	48075-5016","United States","Voluntary: Firm initiated","Other","IL","B-0442-2019","Class III","Source Plasma","1 unit","Blood product, collected from a donor who could not understand the donation materials, was distributed.","12/11/2018","04/02/2019","04/02/2019","04/10/2019","07014294866"
"Biologics","No","","82258","Terminated","CSL Plasma, Inc","1290 28th St Sw","","Wyoming","MI","	49509","United States","Voluntary: Firm initiated","Other","IL","B-0439-2019","Class III","Source Plasma","1 unit","Blood product, collected from a donor who could not understand the donation materials, was distributed.","12/11/2018","04/02/2019","04/02/2019","04/10/2019","17300601731"
"Biologics","No","","82259","Terminated","CSL Plasma Inc","14004 Nacogdoches Rd","","San Antonio","TX","	78247-1929","United States","Voluntary: Firm initiated","Other","Germany","B-0438-2019","Class III","Source Plasma","2 units","Blood products, collected from a donor who could not understand the donation materials, were distributed.","12/04/2018","04/03/2019","04/03/2019","04/10/2019","08703521213; 08703889763"
"Devices","No","","82312","Ongoing","Cypress Medical Products LLC","9954 Mayland Dr","","Richmond","VA","	23233-1464","United States","Voluntary: Firm initiated","Letter","Shipped to distribution centers located in AL, AR, AZ, CA, CO, FL, GA, HI, IL, KY, LA, MA, MN, MO, MS, NH, NJ, NY, OH, PA, SC, TN, TX, UT, VA, WA, and WI.","Z-1080-2019","Class III","McKesson Consult Diagnostic Immunochemical Fecal Occult Blood Test, Part numbers 178-CK30T, 178-CT30, 178¿TBSO, 178-CM25, 178-CK50, 178-CM50, 178-CT50,  178¿CK30","1165 cases","Products were denied Clinical Laboratory Improvement Amendments (CLIA) waiver approval by the FDA, due to the packaging being too similar to domestically sourced products under the same branded label.","02/27/2019","03/30/2019","","04/10/2019","All lots"
"Biologics","No","","82368","Terminated","CSL Plasma, Inc","9245 Highway 49","","Gulfport","MS","	39503-4317","United States","Voluntary: Firm initiated","Other","Illinois","B-0449-2019","Class III","Source Plasma","5 units","Source plasma products, for which donor eligibility screening was incorrectly performed, were distributed.","01/28/2019","04/02/2019","04/02/2019","04/10/2019","12204235441; 12204220426; 12204213066; 12204198425; 12204193894"
"Biologics","No","","82369","Terminated","CSL Plasma","43552 Van Dyke Ave","","Sterling Heights","MI","	48314-2436","United States","Voluntary: Firm initiated","Other","Illinois","B-0450-2019","Class III","Source Plasma","3 units","Source Plasma products, collected from a donor who was illiterate, were distributed.","01/28/2019","04/02/2019","04/02/2019","04/10/2019","16400345742; 16400325901; 16400187393"
"Biologics","No","","82370","Terminated","CSL Plasma, Inc.","16225 Ne Glisan St","","Portland","OR","	97230-5832","United States","Voluntary: Firm initiated","Other","Germany, Federal Republic of; Switzerland","B-0451-2019","Class III","Source Plasma","6 units","Source plasma products, for which donor eligibility screening was incorrectly performed, were distributed.","01/24/2019","04/02/2019","04/02/2019","04/10/2019","05511640361; 05511444248; 05511519060; 05511516790; 05511351383; 05511346040"
"Biologics","No","","82372","Terminated","CSL Plasma, Inc.","820 Madison Sq","","Madison","TN","	37115-4622","United States","Voluntary: Firm initiated","Other","Illinois","B-0454-2019","Class III","Source Plasma","17 units","Source plasma products, for which donor eligibility screening was incorrectly performed, were distributed.","01/17/2019","04/02/2019","04/02/2019","04/10/2019","07603126123; 07603687633; 07603552683; 07603552894; 07603601692; 07603576714; 07603503435; 07603592490; 07603469396; 07603585784; 07603584677; 07603494524; 07603491649; 07603482996; 07603481563; 07603612121; 07603569952"
"Biologics","No","","82373","Terminated","CSL Plasma Inc","2200 N Yarbrough Dr Ste K","","El Paso","TX","	79925-6333","United States","Voluntary: Firm initiated","Other","Switzerland; Illinois","B-0455-2019","Class III","Source Plasma","2 units","Source Plasma products, collected from a donor who was illiterate, were distributed.","01/18/2019","04/02/2019","04/02/2019","04/10/2019","19700540287; 19700563366"
"Biologics","No","","82381","Terminated","BioLife Plasma Services L.P.","801 E Beaton Dr","","West Fargo","ND","	58078-2696","United States","Voluntary: Firm initiated","Other","California","B-0456-2019","Class III","Source Plasma","13 units","Source plasma products, for which donor eligibility screening was incorrectly performed, were distributed.","02/15/2019","04/02/2019","04/02/2019","04/10/2019","18WNDF9413; 18WNDF8964; 18WNDF8338; 18WNDF7792; 18WNDF7092; 18WNDF6366; 18WNDF5919; 18WNDF5150; 18WNDF4609; 18WNDF3872; 18WNDF3422; 18WNDE9170; 18WNDE8580"
"Drugs","No","","82386","Ongoing","Pfizer Inc.","235 E 42nd St","","New York","NY","	10017-5703","United States","Voluntary: Firm initiated","Letter","Nationwide USA and Guam","D-1067-2019","Class III","Cleocin Phosphate (clindamycin injection), USP, 300 mg/ 2 mL (150 mg/mL), 2 mL-vial, Rx only, Distributed by Pharmacia & Upjohn Co, Division of Pfizer, Inc, New York, NY 10017, NDC 0009-6582-02","67 cartons (25 vials per carton)","Failed Impurities/Degradation Specifications: High out-of-specification (OOS) results were demonstrated for several specified impurities at the 24-month time point","03/15/2019","03/29/2019","","04/10/2019","Lot #: T97469, Exp. 7/2019, W28574, Exp.09/2019"
"Drugs","No","","82386","Ongoing","Pfizer Inc.","235 E 42nd St","","New York","NY","	10017-5703","United States","Voluntary: Firm initiated","Letter","Nationwide USA and Guam","D-1068-2019","Class III","Cleocin Phosphate, clindamycin injection, USP, 600 mg/ 4 mL (150 mg/mL), 4 mL vial, Rx only, Distributed by Pharmacia & Upjohn Co, Division of Pfizer, Inc, New York, NY 10017, NDC 0009-3124-01","820 cartons (25 vials per carton)","Failed Impurities/Degradation Specifications: High out-of-specification (OOS) results were demonstrated for several specified impurities at the 24-month time point","03/15/2019","03/29/2019","","04/10/2019","Lot#: T78191, Exp.04/2019, T97494, Exp.07/2019"
"Drugs","No","","82386","Ongoing","Pfizer Inc.","235 E 42nd St","","New York","NY","	10017-5703","United States","Voluntary: Firm initiated","Letter","Nationwide USA and Guam","D-1069-2019","Class III","Cleocin Phosphate, clindamycin injection, USP, 900 mg/ 6 mL (150 mg/mL), 6 mL vial, Rx only, Distributed by Pharmacia & Upjohn Co, Division of Pfizer, Inc, New York, NY 10017. NDC 0009-3447-01","500 cartons (25 vials per carton)","Failed Impurities/Degradation Specifications: High out-of-specification (OOS) results were demonstrated for several specified impurities at the 24-month time point","03/15/2019","03/29/2019","","04/10/2019","Lot #: T78193, Exp.04/2019"
"Drugs","No","","82386","Ongoing","Pfizer Inc.","235 E 42nd St","","New York","NY","	10017-5703","United States","Voluntary: Firm initiated","Letter","Nationwide USA and Guam","D-1070-2019","Class III","Clindamycin Injection, USP, 300 mg/ 2 mL (150 mg/mL), 2 mL vials, Rx only, Distributed by: Alvogen, Inc., Pine Brook, NJ 07058 USA.,NDC 47781-619-94","701 cartons (25 vials per carton)","Failed Impurities/Degradation Specifications: High out-of-specification (OOS) results were demonstrated for several specified impurities at the 24-month time point","03/15/2019","03/29/2019","","04/10/2019","Lot: T97472 (exp 07/2019), T97473 (exp 04/2019), W28573 (exp 09/2019), W31814 (exp 10/2019)"
"Drugs","No","","82386","Ongoing","Pfizer Inc.","235 E 42nd St","","New York","NY","	10017-5703","United States","Voluntary: Firm initiated","Letter","Nationwide USA and Guam","D-1071-2019","Class III","Clindamycin Injection, USP, 600 mg/ 4 mL (150 mg/mL), 4 mL vials, Rx only, Distributed by: Alvogen, Inc., Pine Brook, NJ 07058 USA, NDC 47781-620-94","8,878 cartons (25 vials per carton)","Failed Impurities/Degradation Specifications: High out-of-specification (OOS) results were demonstrated for several specified impurities at the 24-month time point","03/15/2019","03/29/2019","","04/10/2019","Lot #: T97496, Exp.04/2019, T97497, Exp.07/2019, W28564(exp 09/2019), W31812, Exp. 10/2019."
"Drugs","No","","82386","Ongoing","Pfizer Inc.","235 E 42nd St","","New York","NY","	10017-5703","United States","Voluntary: Firm initiated","Letter","Nationwide USA and Guam","D-1072-2019","Class III","Clindamycin Injection, USP, 900 mg/6 mL (150 mg/mL), 6 mL vial, Rx only, Distributed by: Alvogen, Inc., Pine Brook, NJ 07058 USA. NDC 47781-621-94","8,320 cartons (25 vials per carton)","Failed Impurities/Degradation Specifications: High out-of-specification (OOS) results were demonstrated for several specified impurities at the 24-month time point","03/15/2019","03/29/2019","","04/10/2019","Lot #: T96398, Exp.07/2019, T97492, Exp.04/2019, W28567, Exp. 09/2019, W31813, Exp.10/2019"
"Biologics","No","","82407","Terminated","Innovative Blood Resources","737 Pelham Blvd","","Saint Paul","MN","	55114-1739","United States","Voluntary: Firm initiated","FAX","South Dakota","B-0457-2019","Class III","Red Blood Cells, Leukocytes Reduced","1 unit","Red Blood Cells, not meeting product specifications, were distributed.","03/04/2019","04/01/2019","04/01/2019","04/10/2019","W051519012187"
"Drugs","No","","82510","Ongoing","Akorn, Inc.","1925 W Field Ct Ste 300","","Lake Forest","IL","	60045-4862","United States","Voluntary: Firm initiated","Letter","AR and MS","D-1080-2019","Class III","Nystatin Oral Suspension, USP, 100,000 units per mL, 473 mL per bottle, Rx only, HI-TECH Pharmacal Co., Inc., Amityville, NY 11701, NDC 50383-587-16","2,796 bottles","Failed Impurities/Degradation Specifications: Out of Specification for an unknown impurity was observed during the 18 month stability testing.","03/28/2019","04/04/2019","","04/10/2019","Lot#: 356527, Exp 3/19"
